galname,free_nopsf,free_psf,fixed_nopsf,fixed_psf
VFID0001-NGC4133,0.0,0.0,0.0,0.0
VFID0002-NGC2977,0.0,0.0,0.0,0.0
VFID0005-NGC3752,0.0,0.0,0.0,0.0
VFID0008-NGC6643,0.0,0.0,0.0,0.0
VFID0010-NGC4648,0.0,0.0,0.0,0.0
VFID0011-NGC3155,0.0,0.0,0.0,0.0
VFID0013-UGC04883,0.0,0.0,0.0,1.0
VFID0018-NGC4589,0.0,0.0,0.0,0.0
VFID0019-NGC3183,0.0,0.0,0.0,0.0
VFID0020-NGC2633,0.0,0.0,0.0,0.0
VFID0025-NGC2634A,0.0,1.0,0.0,0.0
VFID0026-CGCG332-048,0.0,0.0,0.0,0.0
VFID0027-UGC05689,0.0,1.0,0.0,0.0
VFID0029-UGC05052,0.0,1.0,0.0,1.0
VFID0030-NGC3252,0.0,0.0,0.0,0.0
VFID0036-NGC3403,0.0,0.0,0.0,0.0
VFID0045-CGCG332-033,0.0,0.0,0.0,0.0
VFID0046-NGC6654A,0.0,0.0,0.0,0.0
VFID0047-IC2389,1.0,1.0,-999.0,0.0
VFID0051-UGC03705,0.0,0.0,0.0,0.0
VFID0052-UGC10803,0.0,0.0,0.0,0.0
VFID0053-NGC6538,0.0,0.0,0.0,0.0
VFID0055-NGC3147,0.0,0.0,0.0,0.0
VFID0058-UGCA146,0.0,0.0,0.0,0.0
VFID0059-NGC6654,0.0,0.0,0.0,0.0
VFID0060-UGC08052,0.0,0.0,0.0,0.0
VFID0066-NGC4750,0.0,0.0,0.0,0.0
VFID0067-NGC3348,0.0,0.0,0.0,0.0
VFID0070-UGC04242,0.0,0.0,0.0,0.0
VFID0073-NGC3516,0.0,0.0,0.0,0.0
VFID0075-MRK0120,0.0,1.0,0.0,1.0
VFID0076-UGC10713,0.0,0.0,0.0,0.0
VFID0077-NGC3364,0.0,0.0,0.0,0.0
VFID0082-NGC2985,0.0,0.0,0.0,0.0
VFID0086-NGC3065,0.0,1.0,0.0,1.0
VFID0088-NGC3066,0.0,0.0,0.0,0.0
VFID0089-NGC6434,0.0,0.0,0.0,0.0
VFID0092-UGC03697,0.0,1.0,0.0,0.0
VFID0095-UGC03714,0.0,0.0,0.0,0.0
VFID0097-KUG0707+717,0.0,1.0,0.0,0.0
VFID0098-NGC4749,0.0,1.0,0.0,0.0
VFID0099-UGC03804,0.0,0.0,0.0,0.0
VFID0100-UGC06552,0.0,0.0,0.0,0.0
VFID0102-UGCA296,0.0,0.0,0.0,0.0
VFID0106-UGC08305,0.0,0.0,0.0,0.0
VFID0107-NGC4693,0.0,0.0,0.0,0.0
VFID0109-NGC6395,0.0,0.0,0.0,0.0
VFID0115-NGC4250,0.0,0.0,0.0,0.0
VFID0118-VIIZw274,0.0,0.0,0.0,0.0
VFID0122-NGC3735,0.0,0.0,0.0,0.0
VFID0124-NGC6689,0.0,0.0,0.0,0.0
VFID0127-NGC5144,0.0,0.0,0.0,0.0
VFID0141-UGC06711,0.0,0.0,0.0,0.0
VFID0145-NGC4120,0.0,0.0,0.0,0.0
VFID0147-UGC04739,0.0,0.0,0.0,1.0
VFID0149-NGC3654,0.0,0.0,0.0,0.0
VFID0155-NGC2787,0.0,0.0,0.0,0.0
VFID0160-NGC4128,0.0,0.0,0.0,0.0
VFID0165-IC1218,0.0,1.0,0.0,0.0
VFID0166-UGC11222,0.0,0.0,0.0,0.0
VFID0168-UGC08737,0.0,1.0,0.0,0.0
VFID0172-UGC06714,0.0,1.0,0.0,1.0
VFID0174-NGC5283,0.0,0.0,0.0,0.0
VFID0176-NGC6470,0.0,0.0,0.0,0.0
VFID0178-UGCA280,0.0,1.0,0.0,0.0
VFID0181-UGCA272,0.0,1.0,0.0,1.0
VFID0187-NGC3622,0.0,0.0,0.0,0.0
VFID0194-NGC3682,0.0,0.0,0.0,0.0
VFID0208-NGC4210,0.0,0.0,0.0,0.0
VFID0212-NGC4256,0.0,1.0,0.0,0.0
VFID0214-NGC4332,0.0,0.0,0.0,0.0
VFID0233-NGC6140,0.0,0.0,0.0,0.0
VFID0240-NGC4125,0.0,0.0,0.0,0.0
VFID0241-UGC05576,0.0,0.0,0.0,0.0
VFID0244-NGC3259,0.0,0.0,0.0,0.0
VFID0249-NGC4441,0.0,0.0,0.0,0.0
VFID0251-NGC5949,0.0,0.0,0.0,0.0
VFID0263-UGC05260,0.0,1.0,0.0,0.0
VFID0267-NGC4081,0.0,0.0,0.0,0.0
VFID0270-UGC07020A,0.0,0.0,0.0,1.0
VFID0278-UGC05776,0.0,0.0,0.0,1.0
VFID0281-NGC2820,0.0,1.0,0.0,0.0
VFID0293-NGC2805,0.0,0.0,0.0,0.0
VFID0301-NGC4512,0.0,1.0,0.0,1.0
VFID0304-UGC07179,0.0,1.0,0.0,0.0
VFID0314-NGC4205,0.0,0.0,0.0,0.0
VFID0321-IC0836,0.0,1.0,0.0,0.0
VFID0323-NGC4545,0.0,0.0,0.0,0.0
VFID0334-NGC4238,0.0,0.0,0.0,0.0
VFID0346-MRK0165,0.0,0.0,0.0,0.0
VFID0349-NGC3359,0.0,0.0,0.0,0.0
VFID0358-IC1235,0.0,0.0,0.0,0.0
VFID0371-NGC5218,0.0,0.0,0.0,1.0
VFID0375-NGC5216,0.0,1.0,0.0,1.0
VFID0377-IC1210,0.0,0.0,0.0,0.0
VFID0378-NGC5205,0.0,0.0,0.0,0.0
VFID0382-MRK0166,0.0,1.0,0.0,1.0
VFID0393-NGC6015,0.0,0.0,0.0,0.0
VFID0394-UGC08237,0.0,0.0,0.0,0.0
VFID0402-NGC4041,0.0,0.0,0.0,0.0
VFID0411-NGC5216A,0.0,0.0,0.0,0.0
VFID0413-UGC10796,0.0,0.0,0.0,1.0
VFID0415-NGC4036,0.0,0.0,0.0,0.0
VFID0419-UGC06528,0.0,0.0,0.0,0.0
VFID0423-NGC6359,0.0,1.0,0.0,1.0
VFID0432-UGC03685,0.0,0.0,0.0,0.0
VFID0438-NGC3471,0.0,0.0,0.0,0.0
VFID0442-UGC04159,0.0,0.0,0.0,0.0
VFID0447-NGC6542,0.0,0.0,0.0,0.0
VFID0450-NGC3543,0.0,0.0,0.0,0.0
VFID0472-NGC5308,0.0,0.0,0.0,0.0
VFID0477-NGC2273,0.0,0.0,0.0,1.0
VFID0479-UGC08684,0.0,0.0,0.0,0.0
VFID0481-NGC6307,0.0,1.0,0.0,0.0
VFID0488-NGC3945,0.0,1.0,0.0,1.0
VFID0497-NGC2742,0.0,0.0,0.0,0.0
VFID0509-NGC2460,0.0,0.0,0.0,0.0
VFID0519-IC2209,0.0,0.0,0.0,1.0
VFID0528-NGC2654,0.0,0.0,0.0,0.0
VFID0529-NGC5322,0.0,1.0,0.0,1.0
VFID0538-NGC3835,0.0,0.0,0.0,0.0
VFID0541-NGC6390,0.0,0.0,0.0,0.0
VFID0545-NGC2273A,0.0,0.0,0.0,0.0
VFID0550-NGC2768,0.0,1.0,0.0,1.0
VFID0552-NGC6381,0.0,0.0,0.0,0.0
VFID0553-NGC3740,0.0,0.0,0.0,0.0
VFID0567-NGC5402,0.0,0.0,0.0,0.0
VFID0568-NGC5894,0.0,0.0,0.0,0.0
VFID0569-NGC5989,0.0,0.0,0.0,0.0
VFID0570-NGC5379,0.0,0.0,0.0,0.0
VFID0571-NGC5389,0.0,0.0,0.0,0.0
VFID0573-UGC10590,0.0,0.0,0.0,0.0
VFID0584-CGCG285-012,0.0,1.0,0.0,1.0
VFID0585-NGC5376,0.0,0.0,0.0,0.0
VFID0588-NGC5667,0.0,0.0,0.0,0.0
VFID0594-UGC05408,0.0,1.0,0.0,1.0
VFID0601-NGC3894,0.0,1.0,0.0,1.0
VFID0602-NGC5976,0.0,0.0,0.0,0.0
VFID0607-NGC5982,0.0,0.0,0.0,0.0
VFID0611-NGC5985,0.0,0.0,0.0,0.0
VFID0612-NGC5430,0.0,0.0,0.0,0.0
VFID0614-NGC3043,0.0,0.0,0.0,0.0
VFID0620-SBS0945+594,0.0,1.0,0.0,1.0
VFID0631-IC0691,0.0,0.0,0.0,0.0
VFID0638-WISEAJ150535.77+590537.2,0.0,1.0,0.0,0.0
VFID0643-NGC3642,0.0,1.0,0.0,1.0
VFID0650-UGC06732,0.0,0.0,0.0,1.0
VFID0651-NGC5777,0.0,1.0,0.0,0.0
VFID0673-NGC2950,0.0,0.0,0.0,0.0
VFID0675-UGC04549,0.0,0.0,0.0,0.0
VFID0683-UGC10961,0.0,0.0,0.0,0.0
VFID0686-NGC3610,0.0,0.0,0.0,0.0
VFID0687-UGC08040,0.0,1.0,0.0,0.0
VFID0693-NGC2685,0.0,0.0,0.0,0.0
VFID0697-NGC5372,0.0,0.0,0.0,0.0
VFID0703-NGC3795,0.0,0.0,0.0,0.0
VFID0712-NGC3690,0.0,0.0,0.0,0.0
VFID0720-MRK0847,0.0,0.0,0.0,1.0
VFID0721-UGC03855,0.0,1.0,0.0,0.0
VFID0723-NGC3963,0.0,0.0,0.0,0.0
VFID0741-NGC4814,0.0,0.0,0.0,0.0
VFID0747-NGC4149,0.0,1.0,0.0,0.0
VFID0752-NGC3182,0.0,0.0,0.0,0.0
VFID0765-NGC3225,0.0,0.0,0.0,0.0
VFID0769-NGC4290,0.0,1.0,0.0,1.0
VFID0772-NGC5987,0.0,0.0,0.0,1.0
VFID0782-NGC3613,0.0,0.0,0.0,0.0
VFID0786-NGC4500,0.0,0.0,0.0,0.0
VFID0790-NGC5678,0.0,0.0,0.0,0.0
VFID0796-MRK1450,0.0,1.0,0.0,1.0
VFID0809-NGC2549,0.0,0.0,0.0,1.0
VFID0813-NGC3625,0.0,0.0,0.0,0.0
VFID0816-NGC5526,0.0,1.0,0.0,1.0
VFID0819-NGC3619,0.0,0.0,0.0,0.0
VFID0822-NGC3669,0.0,1.0,0.0,0.0
VFID0825-NGC3488,0.0,0.0,0.0,0.0
VFID0828-NGC5109,0.0,0.0,0.0,0.0
VFID0830-IC0996,0.0,1.0,0.0,0.0
VFID0848-NGC2870,0.0,0.0,0.0,0.0
VFID0852-MRK0889,0.0,1.0,0.0,1.0
VFID0874-NGC3683A,0.0,0.0,0.0,0.0
VFID0879-NGC6262,0.0,0.0,0.0,0.0
VFID0885-KUG1030+573,0.0,0.0,0.0,0.0
VFID0894-NGC5879,0.0,0.0,0.0,0.0
VFID0895-NGC3445,0.0,0.0,0.0,0.0
VFID0902-NGC3683,0.0,0.0,0.0,0.0
VFID0915-NGC5585,0.0,0.0,0.0,0.0
VFID0926-NGC5631,0.0,0.0,0.0,0.0
VFID0928-NGC5963,0.0,0.0,0.0,0.0
VFID0937-NGC5907,1.0,1.0,0.0,0.0
VFID0938-NGC4964,0.0,0.0,0.0,0.0
VFID0942-NGC3780,0.0,0.0,0.0,0.0
VFID0948-NGC3499,0.0,0.0,0.0,0.0
VFID0957-NGC3898,0.0,0.0,0.0,0.0
VFID0960-NGC3888,0.0,0.0,0.0,0.0
VFID0961-NGC3353,0.0,0.0,0.0,0.0
VFID0973-NGC5443,0.0,0.0,0.0,0.0
VFID0977-NGC5866,0.0,0.0,0.0,0.0
VFID0984-NGC2710,0.0,0.0,0.0,0.0
VFID0986-NGC3079,0.0,0.0,0.0,0.0
VFID0987-MESSIER108,0.0,0.0,0.0,0.0
VFID0992-NGC3073,0.0,0.0,0.0,0.0
VFID0994-SBS0745+557,0.0,1.0,0.0,1.0
VFID1010-NGC3998,0.0,1.0,0.0,1.0
VFID1016-NGC3398,0.0,0.0,0.0,0.0
VFID1018-NGC3913,0.0,0.0,0.0,0.0
VFID1019-NGC3972,0.0,0.0,0.0,0.0
VFID1024-UGCA410,0.0,1.0,0.0,1.0
VFID1032-NGC5422,0.0,0.0,0.0,0.0
VFID1033-CGCG277-022,0.0,0.0,0.0,0.0
VFID1036-NGC3982,0.0,0.0,0.0,0.0
VFID1047-NGC5485,0.0,0.0,0.0,0.0
VFID1050-UGC04267,0.0,0.0,0.0,0.0
VFID1055-NGC5473,0.0,1.0,0.0,1.0
VFID1068-NGC5874,0.0,0.0,0.0,0.0
VFID1080-UGC05369,0.0,1.0,0.0,0.0
VFID1082-NGC4194,0.0,0.0,0.0,1.0
VFID1085-NGC5876,0.0,0.0,0.0,0.0
VFID1086-NGC4384,0.0,0.0,0.0,0.0
VFID1093-UGC05720,0.0,0.0,0.0,0.0
VFID1099-NGC3756,0.0,0.0,0.0,0.0
VFID1122-SBS1307+542,0.0,0.0,0.0,1.0
VFID1126-UGC06518,0.0,0.0,0.0,0.0
VFID1131-NGC3656,0.0,0.0,0.0,0.0
VFID1139-NGC2701,0.0,0.0,0.0,0.0
VFID1154-NGC3310,-999.0,-999.0,0.0,0.0
VFID1166-NGC5751,0.0,0.0,0.0,0.0
VFID1167-NGC3549,0.0,0.0,0.0,0.0
VFID1168-MESSIER109,0.0,0.0,0.0,0.0
VFID1174-NGC3631,0.0,0.0,0.0,0.0
VFID1183-NGC3718,0.0,1.0,0.0,1.0
VFID1186-UGC04906,0.0,1.0,0.0,0.0
VFID1189-NGC3657,0.0,0.0,0.0,0.0
VFID1213-NGC3953,0.0,0.0,0.0,0.0
VFID1214-NGC5875A,0.0,0.0,0.0,0.0
VFID1224-NGC5783,0.0,0.0,0.0,0.0
VFID1236-NGC3917,0.0,0.0,0.0,0.0
VFID1246-NGC5624,0.0,0.0,0.0,0.0
VFID1247-NGC5707,0.0,1.0,0.0,1.0
VFID1252-UGC06309,0.0,0.0,0.0,0.0
VFID1263-NGC2681,0.0,0.0,0.0,0.0
VFID1271-UGC09448,0.0,1.0,0.0,0.0
VFID1276-NGC2841,0.0,0.0,0.0,0.0
VFID1277-NGC4026,0.0,0.0,0.0,0.0
VFID1281-UGC06074,0.0,0.0,0.0,1.0
VFID1293-NGC5480,0.0,0.0,0.0,0.0
VFID1304-NGC4088,0.0,0.0,0.0,0.0
VFID1308-NGC4157,0.0,0.0,0.0,0.0
VFID1309-SBS1653+505,0.0,0.0,0.0,0.0
VFID1312-UGC08880,0.0,1.0,0.0,0.0
VFID1314-UGC04505,0.0,0.0,0.0,0.0
VFID1315-CGCG273-003,0.0,0.0,0.0,0.0
VFID1318-NGC4085,0.0,0.0,0.0,0.0
VFID1319-NGC5520,0.0,0.0,0.0,0.0
VFID1320-CGCG269-056,0.0,0.0,0.0,1.0
VFID1338-NGC2639,0.0,0.0,0.0,0.0
VFID1340-NGC3870,0.0,0.0,0.0,0.0
VFID1352-IC0902,0.0,0.0,0.0,0.0
VFID1353-NGC5673,0.0,0.0,0.0,0.0
VFID1354-NGC6283,0.0,0.0,0.0,0.0
VFID1357-IC1029,0.0,0.0,0.0,0.0
VFID1368-UGC06029,0.0,0.0,0.0,1.0
VFID1372-NGC5660,0.0,0.0,0.0,0.0
VFID1376-NGC4100,0.0,0.0,0.0,0.0
VFID1383-SBS0849+496,0.0,0.0,0.0,1.0
VFID1384-NGC5676,0.0,0.0,0.0,0.0
VFID1398-UGC06930,0.0,0.0,0.0,0.0
VFID1400-IC1291,0.0,0.0,0.0,0.0
VFID1401-NGC2856,0.0,0.0,0.0,0.0
VFID1402-UGC05049,0.0,1.0,0.0,0.0
VFID1404-NGC2854,0.0,0.0,0.0,0.0
VFID1407-NGC5448,0.0,1.0,0.0,1.0
VFID1408-NGC2684,0.0,0.0,0.0,0.0
VFID1416-UGC09056,0.0,0.0,0.0,0.0
VFID1424-SBS1445+491,0.0,0.0,0.0,1.0
VFID1432-NGC5689,0.0,0.0,0.0,0.0
VFID1433-NGC3893,0.0,0.0,0.0,0.0
VFID1436-NGC3928,0.0,0.0,0.0,0.0
VFID1440-NGC5682,0.0,0.0,0.0,0.0
VFID1449-NGC5693,0.0,0.0,0.0,0.0
VFID1453-NGC5700,0.0,0.0,0.0,0.0
VFID1459-NGC5425,0.0,0.0,0.0,0.0
VFID1461-NGC3906,0.0,0.0,0.0,0.0
VFID1465-NGC6155,0.0,0.0,0.0,0.0
VFID1471-NGC3985,0.0,0.0,0.0,0.0
VFID1474-UGC09665,0.0,0.0,0.0,0.0
VFID1475-NGC3583,0.0,0.0,0.0,0.0
VFID1488-NGC4218,0.0,0.0,0.0,0.0
VFID1500-NGC3769,0.0,1.0,0.0,0.0
VFID1502-NGC4220,0.0,0.0,0.0,0.0
VFID1507-NGC3949,0.0,0.0,0.0,0.0
VFID1520-NGC3811,0.0,0.0,0.0,0.0
VFID1533-NGC3877,0.0,0.0,0.0,0.0
VFID1534-NGC4096,0.0,0.0,0.0,0.0
VFID1543-NGC3320,0.0,0.0,0.0,0.0
VFID1547-MESSIER106,0.0,0.0,0.0,0.0
VFID1550-NGC5377,0.0,1.0,0.0,1.0
VFID1552-MESSIER051a,0.0,1.0,0.0,1.0
VFID1553-NGC2344,0.0,0.0,0.0,0.0
VFID1555-UGC03845,0.0,0.0,0.0,0.0
VFID1556-NGC4217,0.0,1.0,0.0,0.0
VFID1563-NGC3726,0.0,0.0,0.0,0.0
VFID1568-NGC4346,0.0,0.0,0.0,0.0
VFID1578-CGCG243-020,1.0,-999.0,-999.0,1.0
VFID1592-NGC5714,0.0,1.0,0.0,0.0
VFID1595-NGC5173,0.0,1.0,0.0,1.0
VFID1599-UGC09703,0.0,0.0,0.0,0.0
VFID1602-KUG0919+467,0.0,1.0,0.0,0.0
VFID1603-NGC4800,0.0,0.0,0.0,0.0
VFID1605-NGC3782,0.0,0.0,0.0,0.0
VFID1624-NGC5439,0.0,1.0,0.0,1.0
VFID1630-CGCG246-005,0.0,0.0,0.0,1.0
VFID1637-NGC5633,0.0,0.0,0.0,0.0
VFID1645-NGC5301,0.0,0.0,0.0,0.0
VFID1653-MRK0490,0.0,0.0,0.0,0.0
VFID1654-NGC2537,0.0,0.0,0.0,0.0
VFID1656-UGC04393,0.0,0.0,0.0,1.0
VFID1662-KUG0917+461,0.0,0.0,0.0,0.0
VFID1663-SBS1400+461,0.0,0.0,0.0,0.0
VFID1670-NGC3614,0.0,0.0,0.0,0.0
VFID1678-NGC4389,0.0,0.0,0.0,0.0
VFID1680-B31702+457,0.0,1.0,0.0,1.0
VFID1685-NGC3198,0.0,0.0,0.0,1.0
VFID1702-UGCA208,0.0,1.0,0.0,1.0
VFID1725-NGC2776,0.0,0.0,0.0,0.0
VFID1728-NGC2712,0.0,1.0,0.0,1.0
VFID1731-NGC4460,0.0,1.0,0.0,0.0
VFID1755-UGC04982,0.0,0.0,0.0,0.0
VFID1757-UGC09476,0.0,0.0,0.0,0.0
VFID1758-KUG0924+447,0.0,0.0,0.0,0.0
VFID1761-NGC2337,0.0,1.0,0.0,0.0
VFID1778-NGC3938,0.0,0.0,0.0,0.0
VFID1788-NGC4013,0.0,1.0,0.0,0.0
VFID1791-NGC5297,0.0,1.0,1.0,1.0
VFID1805-NGC4183,0.0,0.0,0.0,0.0
VFID1806-NGC4138,0.0,0.0,0.0,0.0
VFID1810-NGC3675,0.0,0.0,0.0,0.0
VFID1826-UGC06149,0.0,0.0,0.0,0.0
VFID1831-NGC5145,0.0,0.0,0.0,0.0
VFID1832-NGC5336,0.0,0.0,0.0,0.0
VFID1850-NGC4117,0.0,0.0,0.0,1.0
VFID1855-NGC4111,0.0,0.0,0.0,0.0
VFID1879-NGC5731,0.0,0.0,0.0,0.0
VFID1881-NGC5730,0.0,0.0,0.0,0.0
VFID1883-IC0749,0.0,0.0,0.0,0.0
VFID1886-IC0750,0.0,0.0,0.0,0.0
VFID1900-UGC08756,0.0,0.0,0.0,0.0
VFID1901-NGC4143,0.0,0.0,0.0,0.0
VFID1915-NGC5900,0.0,0.0,0.0,1.0
VFID1928-IC1265,0.0,0.0,0.0,0.0
VFID1929-UGC06805,0.0,0.0,0.0,0.0
VFID1930-NGC5899,0.0,0.0,0.0,0.0
VFID1932-MESSIER063,0.0,0.0,0.0,0.0
VFID1934-IZw097,0.0,0.0,0.0,0.0
VFID1935-NGC2798,0.0,0.0,0.0,1.0
VFID1952-UGC07129,0.0,0.0,0.0,0.0
VFID1955-NGC5290,0.0,0.0,0.0,0.0
VFID1956-MRK1484,0.0,0.0,0.0,0.0
VFID1961-NGC5930,0.0,0.0,0.0,1.0
VFID1963-NGC4490,0.0,0.0,0.0,0.0
VFID1971-NGC3600,0.0,0.0,0.0,0.0
VFID1979-NGC5289,0.0,0.0,0.0,0.0
VFID1986-NGC3184,0.0,0.0,0.0,0.0
VFID1990-NGC5320,0.0,0.0,0.0,0.0
VFID1991-UGC10200,0.0,1.0,0.0,0.0
VFID2001-NGC4625,0.0,0.0,0.0,0.0
VFID2002-NGC5630,0.0,0.0,0.0,0.0
VFID2011-NGC4618,0.0,0.0,0.0,0.0
VFID2038-ARK527,0.0,0.0,0.0,0.0
VFID2039-NGC6339,0.0,0.0,0.0,0.0
VFID2052-UGC09858,0.0,0.0,0.0,0.0
VFID2059-NGC5371,0.0,0.0,0.0,0.0
VFID2060-NGC5704,0.0,0.0,0.0,0.0
VFID2063-NGC5950,0.0,0.0,0.0,0.0
VFID2075-NGC5354,1.0,1.0,1.0,1.0
VFID2081-MRK0462,0.0,1.0,0.0,1.0
VFID2082-NGC2853,0.0,0.0,0.0,0.0
VFID2085-UGC08841,0.0,1.0,0.0,1.0
VFID2088-NGC2844,0.0,0.0,0.0,0.0
VFID2089-NGC2782,0.0,0.0,0.0,0.0
VFID2094-NGC6675,0.0,0.0,0.0,0.0
VFID2101-NGC5311,0.0,0.0,0.0,0.0
VFID2103-NGC5313,0.0,0.0,0.0,0.0
VFID2115-NGC4145,0.0,0.0,0.0,0.0
VFID2142-IC4336,0.0,0.0,0.0,0.0
VFID2146-NGC5337,0.0,0.0,0.0,0.0
VFID2150-NGC6585,0.0,0.0,0.0,0.0
VFID2156-NGC5326,0.0,0.0,0.0,0.0
VFID2171-NGC4151,1.0,1.0,0.0,-999.0
VFID2174-NGC4369,0.0,0.0,0.0,0.0
VFID2211-UGC09291,0.0,0.0,0.0,0.0
VFID2224-UGC11132,0.0,1.0,0.0,0.0
VFID2226-NGC3665,0.0,0.0,0.0,0.0
VFID2227-NGC5112,0.0,0.0,0.0,0.0
VFID2237-UGC05577,0.0,0.0,0.0,0.0
VFID2241-NGC3658,0.0,1.0,0.0,1.0
VFID2256-NGC5303,0.0,0.0,0.0,0.0
VFID2262-NGC5403,0.0,1.0,0.0,0.0
VFID2270-UGC08778,0.0,1.0,0.0,1.0
VFID2271-UGC06433,0.0,1.0,0.0,1.0
VFID2294-WISEAJ150315.55+374557.8,0.0,1.0,0.0,0.0
VFID2295-NGC3652,0.0,0.0,0.0,0.0
VFID2297-MRK1119,0.0,1.0,0.0,1.0
VFID2315-NGC3294,0.0,0.0,0.0,0.0
VFID2326-IC2461,0.0,1.0,0.0,0.0
VFID2331-NGC5005,0.0,0.0,0.0,0.0
VFID2336-NGC3941,0.0,0.0,0.0,0.0
VFID2345-NGC6207,0.0,0.0,0.0,0.0
VFID2348-MRK0465,0.0,1.0,0.0,1.0
VFID2357-UGC06517,0.0,0.0,0.0,0.0
VFID2366-NGC3432,0.0,1.0,0.0,0.0
VFID2370-NGC5033,0.0,0.0,0.0,0.0
VFID2372-NGC5544,0.0,1.0,0.0,0.0
VFID2374-NGC3813,0.0,0.0,0.0,0.0
VFID2381-NGC5557,0.0,0.0,0.0,0.0
VFID2389-NGC3755,0.0,0.0,0.0,0.0
VFID2403-NGC5014,0.0,0.0,0.0,0.0
VFID2407-NGC2543,0.0,1.0,0.0,1.0
VFID2410-NGC5529,0.0,1.0,0.0,0.0
VFID2420-UGC11000,0.0,0.0,0.0,0.0
VFID2450-NGC2719,0.0,0.0,0.0,0.0
VFID2457-NGC5273,0.0,1.0,0.0,1.0
VFID2467-UGC09560,0.0,0.0,0.0,0.0
VFID2482-UGC09113,0.0,1.0,0.0,0.0
VFID2484-NGC3694,0.0,0.0,0.0,0.0
VFID2492-UGC06570,0.0,1.0,0.0,1.0
VFID2494-NGC5656,0.0,0.0,0.0,0.0
VFID2500-UGC05738,0.0,0.0,0.0,0.0
VFID2515-UGC04621,0.0,0.0,0.0,0.0
VFID2528-NGC2780,0.0,0.0,0.0,0.0
VFID2533-UGC08323,0.0,-999.0,0.0,1.0
VFID2539-MRK0429,0.0,0.0,0.0,0.0
VFID2546-NGC3381,0.0,0.0,0.0,0.0
VFID2560-NGC2859,0.0,0.0,0.0,0.0
VFID2562-UGC05990,0.0,0.0,0.0,0.0
VFID2570-UGC09519,0.0,1.0,0.0,1.0
VFID2593-NGC3442,0.0,0.0,0.0,0.0
VFID2619-NGC3021,0.0,0.0,0.0,0.0
VFID2622-NGC5347,0.0,1.0,0.0,-999.0
VFID2627-NGC2683,0.0,0.0,0.0,0.0
VFID2628-NGC3003,0.0,0.0,0.0,0.0
VFID2630-UGC06070,0.0,0.0,0.0,0.0
VFID2648-NGC4203,0.0,1.0,0.0,1.0
VFID2658-UGC06892,0.0,-999.0,0.0,1.0
VFID2659-NGC2770,0.0,0.0,0.0,0.0
VFID2667-NGC3396,0.0,0.0,0.0,0.0
VFID2672-NGC3430,0.0,0.0,0.0,0.0
VFID2693-NGC3413,0.0,0.0,0.0,0.0
VFID2711-NGC4631,0.0,0.0,0.0,0.0
VFID2718-NGC3935,0.0,1.0,0.0,1.0
VFID2723-NGC3067,0.0,0.0,0.0,0.0
VFID2725-NGC3991,0.0,1.0,0.0,1.0
VFID2737-NGC4656,0.0,0.0,0.0,1.0
VFID2754-NGC3966,0.0,1.0,0.0,0.0
VFID2762-NGC3788,0.0,1.0,0.0,1.0
VFID2767-NGC4062,0.0,0.0,0.0,0.0
VFID2774-NGC2964,0.0,0.0,0.0,0.0
VFID2782-NGC5974,0.0,0.0,0.0,0.0
VFID2797-NGC4359,0.0,0.0,0.0,0.0
VFID2814-IC2957,0.0,1.0,0.0,0.0
VFID2821-NGC4414,0.0,0.0,0.0,0.0
VFID2824-FBQSJ085533.2+311242,0.0,0.0,0.0,1.0
VFID2858-MRK0689,0.0,1.0,0.0,1.0
VFID2876-NGC4150,0.0,0.0,0.0,0.0
VFID2882-UGC06271,0.0,1.0,0.0,0.0
VFID2885-NGC5089,0.0,0.0,0.0,0.0
VFID2893-UGC04559,0.0,1.0,0.0,0.0
VFID2901-NGC5798,0.0,0.0,0.0,0.0
VFID2911-NGC4314,0.0,0.0,0.0,0.0
VFID2914-UGC07017,0.0,1.0,0.0,0.0
VFID2915-UGC03777,0.0,0.0,0.0,0.0
VFID2917-UGC07012,0.0,0.0,0.0,0.0
VFID2935-NGC4274,0.0,1.0,0.0,1.0
VFID2937-NGC4245,0.0,1.0,0.0,1.0
VFID2944-NGC2893,0.0,1.0,0.0,1.0
VFID2945-NGC2604,0.0,0.0,0.0,0.0
VFID2947-NGC3687,0.0,0.0,0.0,0.0
VFID2950-NGC3254,0.0,0.0,0.0,0.0
VFID2966-IC2429,0.0,0.0,0.0,1.0
VFID2968-NGC4278,0.0,0.0,0.0,0.0
VFID2970-NGC3032,0.0,0.0,0.0,0.0
VFID2975-NGC4310,0.0,0.0,0.0,0.0
VFID2977-NGC5375,0.0,0.0,0.0,0.0
VFID2994-NGC3486,0.0,0.0,0.0,0.0
VFID2997-NGC4793,0.0,0.0,0.0,0.0
VFID3006-NGC3265,0.0,0.0,0.0,0.0
VFID3020-NGC5958,0.0,0.0,0.0,0.0
VFID3023-VV279b,0.0,1.0,0.0,1.0
VFID3025-NGC4448,0.0,0.0,0.0,0.0
VFID3029-NGC3380,0.0,0.0,0.0,0.0
VFID3039-NGC3277,0.0,0.0,0.0,0.0
VFID3040-NGC3245,0.0,1.0,0.0,1.0
VFID3066-IC0777,0.0,0.0,0.0,0.0
VFID3073-NGC4251,0.0,0.0,0.0,0.0
VFID3082-IC4582,0.0,0.0,0.0,0.0
VFID3087-NGC3512,0.0,0.0,0.0,0.0
VFID3095-NGC3414,0.0,0.0,0.0,0.0
VFID3096-NGC3504,0.0,1.0,0.0,1.0
VFID3099-IC2430,0.0,0.0,0.0,0.0
VFID3106-IC2361,0.0,0.0,0.0,0.0
VFID3119-NGC4961,0.0,0.0,0.0,0.0
VFID3132-NGC4275,0.0,0.0,0.0,0.0
VFID3159-NGC3451,0.0,0.0,0.0,0.0
VFID3160-IC2520,0.0,0.0,0.0,0.0
VFID3167-NGC4670,0.0,0.0,0.0,0.0
VFID3172-NGC3900,0.0,0.0,0.0,1.0
VFID3175-NGC4080,0.0,0.0,0.0,0.0
VFID3176-NGC5116,0.0,0.0,0.0,0.0
VFID3177-NGC3629,0.0,0.0,0.0,0.0
VFID3188-KUG1309+269,0.0,0.0,0.0,0.0
VFID3198-UGCA298,0.0,1.0,0.0,1.0
VFID3203-NGC3899,0.0,0.0,0.0,0.0
VFID3216-NGC2824,0.0,0.0,0.0,0.0
VFID3237-NGC4565,1.0,1.0,0.0,0.0
VFID3244-NGC2735,0.0,0.0,0.0,0.0
VFID3252-UGC10999,0.0,0.0,0.0,0.0
VFID3258-NGC4494,0.0,1.0,0.0,1.0
VFID3262-UGC06593,0.0,0.0,0.0,1.0
VFID3272-NGC3689,0.0,0.0,0.0,0.0
VFID3287-UGC10721,0.0,0.0,0.0,0.0
VFID3289-NGC4725,0.0,1.0,0.0,1.0
VFID3295-NGC2750,0.0,1.0,0.0,1.0
VFID3299-IC2450,0.0,0.0,0.0,0.0
VFID3303-UGC05588,0.0,0.0,0.0,0.0
VFID3306-NGC2753,0.0,0.0,0.0,0.0
VFID3309-NGC5523,0.0,0.0,0.0,0.0
VFID3328-IC0508,0.0,0.0,0.0,0.0
VFID3337-UGC07143,0.0,0.0,0.0,0.0
VFID3339-NGC2743,0.0,0.0,0.0,0.0
VFID3346-NGC3344,0.0,0.0,0.0,0.0
VFID3389-NGC4162,0.0,0.0,0.0,0.0
VFID3391-NGC5016,0.0,0.0,0.0,0.0
VFID3392-NGC3701,0.0,0.0,0.0,0.0
VFID3414-NGC2480,0.0,1.0,0.0,1.0
VFID3430-NGC2357,0.0,0.0,0.0,0.0
VFID3443-CGCG142-002,0.0,0.0,0.0,0.0
VFID3458-WISEAJ144845.10+225927.2,0.0,0.0,0.0,0.0
VFID3459-NGC6267,0.0,0.0,0.0,0.0
VFID3462-NGC3437,0.0,0.0,0.0,0.0
VFID3466-NGC5012,0.0,0.0,0.0,0.0
VFID3480-NGC3162,0.0,0.0,0.0,0.0
VFID3492-UGC04375,0.0,0.0,0.0,0.0
VFID3503-NGC2577,0.0,1.0,0.0,1.0
VFID3536-NGC2738,0.0,0.0,0.0,0.0
VFID3548-NGC3301,0.0,0.0,0.0,1.0
VFID3554-NGC3190:WLQ2016X0001,0.0,1.0,0.0,1.0
VFID3564-NGC3185,0.0,1.0,0.0,1.0
VFID3566-UGC06176,0.0,1.0,0.0,1.0
VFID3567-NGC3287,0.0,0.0,0.0,0.0
VFID3577-NGC6186,0.0,0.0,0.0,0.0
VFID3581-NGC2903,0.0,0.0,0.0,0.0
VFID3584-NGC2764,0.0,0.0,0.0,0.0
VFID3615-NGC3177,0.0,0.0,0.0,0.0
VFID3621-IC0851,0.0,0.0,0.0,0.0
VFID3660-UGC10020,0.0,0.0,0.0,0.0
VFID3667-UGC05833,0.0,1.0,0.0,1.0
VFID3675-IC0610,0.0,1.0,0.0,0.0
VFID3678-NGC6168,0.0,0.0,0.0,0.0
VFID3681-NGC4158,0.0,0.0,0.0,0.0
VFID3690-NGC4032,0.0,0.0,0.0,0.0
VFID3701-UGC08516,0.0,0.0,0.0,0.0
VFID3711-NGC3227,0.0,1.0,0.0,1.0
VFID3726-NGC3213,0.0,0.0,0.0,0.0
VFID3728-NGC5492,0.0,0.0,0.0,0.0
VFID3750-NGC4336,0.0,0.0,0.0,0.0
VFID3753-UGC05023,0.0,0.0,0.0,1.0
VFID3771-UGC05403,0.0,1.0,0.0,1.0
VFID3782-UGC06320,0.0,0.0,0.0,0.0
VFID3783-NGC3827,0.0,0.0,0.0,0.0
VFID3787-MCG+03-29-027,0.0,0.0,0.0,0.0
VFID3797-UGC05467,0.0,0.0,0.0,0.0
VFID3810-NGC6548,0.0,0.0,0.0,0.0
VFID3813-ARK531,0.0,0.0,0.0,0.0
VFID3823-NGC4064,0.0,0.0,0.0,0.0
VFID3833-NGC3626,0.0,0.0,0.0,0.0
VFID3836-NGC6500,0.0,0.0,0.0,0.0
VFID3864-NGC6430,0.0,0.0,0.0,0.0
VFID3866-NGC3507,0.0,0.0,0.0,0.0
VFID3870-NGC3599,0.0,1.0,0.0,1.0
VFID3872-NGC3607,0.0,0.0,0.0,0.0
VFID3879-NGC3501,0.0,1.0,0.0,0.0
VFID3887-NGC5996,0.0,0.0,0.0,1.0
VFID3894-NGC3659,0.0,0.0,0.0,0.0
VFID3900-UGC06296,0.0,0.0,0.0,0.0
VFID3905-MRK0886,0.0,1.0,0.0,1.0
VFID3915-IC1135,0.0,0.0,0.0,0.0
VFID3932-NGC4344,0.0,0.0,0.0,0.0
VFID3933-NGC6467,0.0,0.0,0.0,0.0
VFID3948-IC1151,0.0,0.0,0.0,0.0
VFID3960-NGC3455,0.0,1.0,0.0,1.0
VFID3961-NGC3370,0.0,0.0,0.0,0.0
VFID3964-NGC3592,0.0,0.0,0.0,0.0
VFID3969-NGC3686,0.0,0.0,0.0,0.0
VFID3982-NGC4450,0.0,0.0,0.0,0.0
VFID3983-NGC3684,0.0,0.0,0.0,0.0
VFID3987-MRK0745,0.0,1.0,0.0,1.0
VFID3988-NGC3691,0.0,1.0,0.0,0.0
VFID3991-CGCG087-006,0.0,1.0,0.0,0.0
VFID3996-NGC3681,0.0,0.0,0.0,0.0
VFID3997-NGC4498,0.0,0.0,0.0,0.0
VFID4017-NGC4350,0.0,1.0,0.0,1.0
VFID4020-NGC3041,0.0,0.0,0.0,0.0
VFID4025-UGC10086,0.0,0.0,0.0,0.0
VFID4029-NGC5962,0.0,0.0,0.0,0.0
VFID4032-NGC3655,0.0,0.0,0.0,0.0
VFID4049-NGC4383,0.0,0.0,0.0,0.0
VFID4058-IC0796,0.0,0.0,0.0,0.0
VFID4059-NGC6389,0.0,0.0,0.0,0.0
VFID4060-NGC4651,0.0,0.0,0.0,0.0
VFID4082-NGC4405,0.0,0.0,0.0,0.0
VFID4090-KUG1408+163,0.0,0.0,0.0,0.0
VFID4095-KUG1201+163,0.0,0.0,0.0,0.0
VFID4097-NGC4152,0.0,0.0,0.0,0.0
VFID4102-UGC06666,0.0,0.0,0.0,0.0
VFID4106-UGC06653,0.0,1.0,0.0,1.0
VFID4118-NGC4758,0.0,0.0,0.0,0.0
VFID4120-CGCG102-075,0.0,1.0,0.0,0.0
VFID4122-MESSIER100,0.0,1.0,0.0,1.0
VFID4129-NGC3094,0.0,0.0,0.0,0.0
VFID4138-NGC4396,0.0,0.0,0.0,0.0
VFID4146-NGC4540,0.0,0.0,0.0,0.0
VFID4147-NGC4312,0.0,0.0,0.0,0.0
VFID4167-IC0800,0.0,0.0,0.0,0.0
VFID4168-NGC3800,0.0,0.0,0.0,0.0
VFID4171-NGC4237,0.0,0.0,0.0,0.0
VFID4173-NGC4595,0.0,0.0,0.0,0.0
VFID4182-NGC5953,0.0,0.0,0.0,0.0
VFID4186-NGC4710,0.0,0.0,0.0,0.0
VFID4191-IC0797,0.0,0.0,0.0,0.0
VFID4194-UGC09206,0.0,0.0,0.0,0.0
VFID4197-NGC4419,0.0,0.0,0.0,0.0
VFID4204-NGC5951,0.0,0.0,0.0,0.0
VFID4206-IC3392,0.0,0.0,0.0,0.0
VFID4214-IC3806,0.0,1.0,0.0,0.0
VFID4215-MESSIER098,0.0,1.0,0.0,1.0
VFID4216-NGC4262,0.0,0.0,0.0,0.0
VFID4223-NGC3485,0.0,0.0,0.0,0.0
VFID4229-NGC3596,0.0,0.0,0.0,0.0
VFID4237-NGC4377,0.0,1.0,0.0,1.0
VFID4242-UGC10985,0.0,0.0,0.0,0.0
VFID4253-NGC5600,0.0,0.0,0.0,0.0
VFID4257-NGC6012,0.0,0.0,0.0,0.0
VFID4272-MESSIER091,0.0,0.0,0.0,0.0
VFID4286-MESSIER099,0.0,0.0,0.0,0.0
VFID4302-NGC2648,0.0,0.0,0.0,0.0
VFID4303-KUG1421+145,0.0,0.0,0.0,0.0
VFID4307-NGC5984,0.0,0.0,0.0,0.0
VFID4310-NGC4571,0.0,0.0,0.0,0.0
VFID4315-NGC4866,0.0,0.0,0.0,0.0
VFID4316-UGC10864,0.0,1.0,0.0,1.0
VFID4325-NGC4019,0.0,0.0,0.0,0.0
VFID4334-IC3476,0.0,0.0,0.0,0.0
VFID4338-IC3061,0.0,0.0,0.0,0.0
VFID4340-NGC3419A,0.0,1.0,0.0,0.0
VFID4345-NGC4459,0.0,1.0,0.0,1.0
VFID4351-NGC3419,0.0,1.0,0.0,1.0
VFID4354-NGC5587,0.0,0.0,0.0,0.0
VFID4357-NGC4208,0.0,0.0,0.0,0.0
VFID4358-NGC3489,0.0,0.0,0.0,0.0
VFID4385-NGC3872,0.0,1.0,0.0,1.0
VFID4386-NGC4689,0.0,0.0,0.0,0.0
VFID4387-UGC05739,0.0,0.0,0.0,0.0
VFID4389-NGC3367,0.0,0.0,0.0,0.0
VFID4391-NGC3338,0.0,0.0,0.0,0.0
VFID4397-UGC05760,0.0,0.0,0.0,0.0
VFID4401-UGC06758,0.0,0.0,0.0,0.0
VFID4408-NGC4477,0.0,0.0,0.0,0.0
VFID4418-NGC3628,0.0,1.0,0.0,0.0
VFID4448-NGC4473,0.0,0.0,0.0,0.0
VFID4449-NGC4189,0.0,0.0,0.0,0.0
VFID4453-NGC3412,0.0,1.0,0.0,1.0
VFID4454-NGC4037,0.0,1.0,0.0,1.0
VFID4477-NGC4639,0.0,0.0,0.0,0.0
VFID4483-UGC08032,0.0,1.0,0.0,0.0
VFID4497-NGC4461,0.0,0.0,0.0,0.0
VFID4500-NGC4193,0.0,0.0,0.0,0.0
VFID4503-MESSIER090,0.0,0.0,0.0,0.0
VFID4508-NGC4216,0.0,1.0,0.0,1.0
VFID4511-NGC4654,0.0,0.0,0.0,0.0
VFID4517-NGC4584,0.0,0.0,0.0,0.0
VFID4523-MESSIER065,0.0,1.0,0.0,0.0
VFID4524-UGC04550,0.0,0.0,0.0,0.0
VFID4527-NGC4531,0.0,0.0,0.0,0.0
VFID4547-NGC4438,0.0,1.0,0.0,1.0
VFID4552-MESSIER066,0.0,0.0,0.0,0.0
VFID4560-CGCG064-055,0.0,1.0,0.0,1.0
VFID4584-MESSIER084,0.0,0.0,0.0,0.0
VFID4603-NGC3593,0.0,0.0,0.0,0.0
VFID4605-NGC3020,0.0,0.0,0.0,0.0
VFID4609-NGC4267,0.0,1.0,0.0,1.0
VFID4618-NGC3024,0.0,0.0,0.0,0.0
VFID4642-NGC3153,0.0,0.0,0.0,0.0
VFID4649-NGC3306,0.0,0.0,0.0,0.0
VFID4660-NGC3384,0.0,0.0,0.0,0.0
VFID4670-UGC09919,0.0,0.0,0.0,0.0
VFID4671-NGC5020,0.0,1.0,0.0,1.0
VFID4688-MESSIER089,0.0,0.0,0.0,0.0
VFID4737-MESSIER087,0.0,0.0,0.0,0.0
VFID4765-IC0677,0.0,0.0,0.0,0.0
VFID4772-IC0591,0.0,0.0,0.0,0.0
VFID4790-NGC4550,0.0,1.0,0.0,0.0
VFID4792-NGC4351,0.0,0.0,0.0,0.0
VFID4796-NGC5970,0.0,0.0,0.0,0.0
VFID4818-NGC3773,0.0,0.0,0.0,0.0
VFID4824-NGC4746,0.0,0.0,0.0,0.0
VFID4830-UGC06169,0.0,0.0,0.0,0.0
VFID4833-NGC4641,0.0,0.0,0.0,0.0
VFID4835-NGC5957,0.0,0.0,0.0,0.0
VFID4842-IC3063,0.0,0.0,0.0,1.0
VFID4843-NGC3559,0.0,0.0,0.0,0.0
VFID4869-NGC4607,0.0,0.0,0.0,0.0
VFID4876-MESSIER096,0.0,0.0,0.0,1.0
VFID4877-MESSIER058,0.0,1.0,0.0,1.0
VFID4881-NGC4313,0.0,0.0,0.0,0.0
VFID4894-NGC5956,0.0,0.0,0.0,0.0
VFID4896-UGC05642,0.0,0.0,0.0,0.0
VFID4901-NGC4371,0.0,0.0,0.0,0.0
VFID4902-MESSIER095,0.0,1.0,0.0,0.0
VFID4913-MESSIER059,0.0,1.0,0.0,0.0
VFID4922-UGC09356,0.0,0.0,0.0,0.0
VFID4928-MESSIER060,0.0,0.0,0.0,0.0
VFID4932-NGC4294,0.0,0.0,0.0,0.0
VFID4933-NGC4299,0.0,0.0,0.0,0.0
VFID4939-NGC4491,0.0,1.0,0.0,1.0
VFID4940-NGC3810,0.0,0.0,0.0,0.0
VFID4945-NGC4638,1.0,1.0,0.0,1.0
VFID4947-NGC4564,0.0,0.0,0.0,0.0
VFID4960-NGC4330,0.0,1.0,0.0,0.0
VFID4965-NGC3666,0.0,0.0,0.0,0.0
VFID4978-NGC4568,0.0,0.0,0.0,0.0
VFID4980-NGC4762,0.0,1.0,0.0,1.0
VFID4986-NGC3279,0.0,1.0,0.0,0.0
VFID4988-NGC4660,0.0,0.0,0.0,0.0
VFID4991-NGC4503,0.0,0.0,0.0,0.0
VFID4995-NGC4429,0.0,0.0,0.0,0.0
VFID4999-NGC2725,0.0,0.0,0.0,0.0
VFID5015-NGC4694,0.0,0.0,0.0,0.0
VFID5028-NGC4178,0.0,0.0,0.0,0.0
VFID5029-NGC4067,0.0,0.0,0.0,0.0
VFID5034-NGC3869,0.0,1.0,0.0,1.0
VFID5046-NGC3547,0.0,0.0,0.0,0.0
VFID5073-CGCG079-085,0.0,0.0,0.0,0.0
VFID5076-NGC5666,0.0,0.0,0.0,0.0
VFID5091-NGC4119,0.0,0.0,0.0,0.0
VFID5098-NGC2919,0.0,0.0,0.0,0.0
VFID5114-NGC4596,0.0,1.0,0.0,1.0
VFID5119-NGC2911,0.0,1.0,0.0,1.0
VFID5140-UGC05093,0.0,0.0,0.0,0.0
VFID5141-NGC4380,0.0,0.0,0.0,0.0
VFID5151-WISEAJ094419.43+095904.7,0.0,1.0,0.0,1.0
VFID5170-NGC5669,0.0,0.0,0.0,0.0
VFID5178-NGC4442,0.0,0.0,0.0,0.0
VFID5192-NGC4779,0.0,1.0,0.0,1.0
VFID5210-NGC4207,0.0,0.0,0.0,0.0
VFID5212-NGC4417,0.0,0.0,0.0,0.0
VFID5216-IC1205,0.0,0.0,0.0,0.0
VFID5226-NGC2913,0.0,0.0,0.0,0.0
VFID5228-UGC05189,0.0,1.0,0.0,1.0
VFID5235-NGC4445,0.0,0.0,0.0,0.0
VFID5238-NGC4424,0.0,0.0,0.0,1.0
VFID5239-NGC3692,0.0,0.0,0.0,0.0
VFID5252-NGC4316,0.0,0.0,0.0,0.0
VFID5257-NGC3049,0.0,1.0,0.0,1.0
VFID5260-NGC4451,0.0,0.0,0.0,0.0
VFID5273-NGC4522,0.0,0.0,0.0,0.0
VFID5275-UGCA284,0.0,0.0,0.0,1.0
VFID5279-NGC3876,0.0,0.0,0.0,0.0
VFID5289-IC0676,0.0,0.0,0.0,0.0
VFID5292-NGC4307,0.0,0.0,0.0,0.0
VFID5295-IC0719,0.0,0.0,0.0,0.0
VFID5308-NGC5248,0.0,0.0,0.0,0.0
VFID5326-NGC4469,0.0,0.0,0.0,0.0
VFID5340-NGC4519,0.0,1.0,0.0,1.0
VFID5355-NGC4356,0.0,1.0,0.0,0.0
VFID5360-NGC4698,0.0,0.0,0.0,0.0
VFID5368-NGC2906,0.0,0.0,0.0,0.0
VFID5383-NGC2731,0.0,0.0,0.0,0.0
VFID5395-NGC4535,0.0,0.0,0.0,0.0
VFID5413-NGC5665,0.0,0.0,0.0,0.0
VFID5432-MESSIER049,0.0,0.0,0.0,0.0
VFID5435-UGC10743,0.0,0.0,0.0,0.0
VFID5441-NGC2882,0.0,0.0,0.0,0.0
VFID5446-NGC4416,0.0,0.0,0.0,0.0
VFID5451-IC0540,0.0,1.0,0.0,0.0
VFID5491-NGC4526,0.0,0.0,0.0,0.0
VFID5505-NGC4233,0.0,0.0,0.0,1.0
VFID5511-IC3322,0.0,1.0,0.0,0.0
VFID5520-NGC4224,0.0,0.0,0.0,0.0
VFID5528-NGC6106,0.0,0.0,0.0,0.0
VFID5536-NGC4365,0.0,0.0,0.0,0.0
VFID5541-NGC5645,0.0,0.0,0.0,0.0
VFID5546-NGC4570,0.0,0.0,0.0,0.0
VFID5549-IC3322A,0.0,1.0,0.0,0.0
VFID5551-NGC2777,0.0,0.0,0.0,0.0
VFID5556-NGC4235,0.0,1.0,0.0,1.0
VFID5563-IC3521,0.0,1.0,0.0,0.0
VFID5565-NGC4309,0.0,1.0,0.0,1.0
VFID5579-CGCG051-021,0.0,1.0,0.0,1.0
VFID5590-NGC4180,0.0,0.0,0.0,0.0
VFID5591-NGC2775,0.0,0.0,0.0,0.0
VFID5599-NGC4343,0.0,0.0,0.0,0.0
VFID5603-IC3591,0.0,1.0,0.0,1.0
VFID5606-UGC06233,0.0,0.0,0.0,0.0
VFID5654-IC3268,0.0,0.0,0.0,0.0
VFID5669-NGC4532,0.0,0.0,0.0,0.0
VFID5693-NGC4430,0.0,0.0,0.0,0.0
VFID5695-NGC5661,0.0,0.0,0.0,0.0
VFID5726-NGC5470,0.0,1.0,0.0,0.0
VFID5730-NGC4577,0.0,0.0,0.0,0.0
VFID5736-NGC6017,0.0,1.0,0.0,1.0
VFID5742-NGC5964,0.0,0.0,0.0,0.0
VFID5750-NGC6014,0.0,1.0,0.0,1.0
VFID5766-NGC3423,0.0,0.0,0.0,0.0
VFID5768-NGC4261,0.0,1.0,0.0,1.0
VFID5776-NGC4197,0.0,0.0,0.0,0.0
VFID5788-NGC4376,0.0,0.0,0.0,0.0
VFID5795-NGC2990,0.0,0.0,0.0,0.0
VFID5804-NGC4287,0.0,0.0,0.0,0.0
VFID5811-NGC2504,0.0,0.0,0.0,0.0
VFID5820-NGC4266,0.0,1.0,0.0,0.0
VFID5846-NGC4281,0.0,0.0,0.0,0.0
VFID5851-NGC4580,0.0,0.0,0.0,0.0
VFID5852-NGC5701,0.0,1.0,0.0,1.0
VFID5856-NGC4273,0.0,0.0,0.0,0.0
VFID5859-NGC5356,0.0,0.0,0.0,0.0
VFID5863-NGC4713,0.0,0.0,0.0,0.0
VFID5868-NGC5363,0.0,0.0,0.0,0.0
VFID5869-NGC4324,0.0,0.0,0.0,0.0
VFID5874-NGC5338,0.0,0.0,0.0,0.0
VFID5894-UGC07422,0.0,1.0,0.0,1.0
VFID5897-NGC5921,0.0,0.0,0.0,0.0
VFID5906-NGC5364,0.0,0.0,0.0,0.0
VFID5911-NGC2644,0.0,0.0,0.0,0.0
VFID5918-NGC4378,0.0,1.0,0.0,1.0
VFID5922-IC1048,0.0,0.0,0.0,0.0
VFID5947-NGC2966,0.0,1.0,0.0,1.0
VFID5967-NGC3604,0.0,0.0,0.0,0.0
VFID5979-NGC4765,0.0,0.0,0.0,0.0
VFID5981-NGC5668,0.0,0.0,0.0,0.0
VFID5998-NGC4586,0.0,0.0,0.0,0.0
VFID6005-NGC4808,0.0,0.0,0.0,0.0
VFID6006-NGC3055,0.0,0.0,0.0,1.0
VFID6009-NGC4480,0.0,0.0,0.0,0.0
VFID6040-NGC4412,0.0,0.0,0.0,0.0
VFID6041-NGC4630,0.0,0.0,0.0,0.0
VFID6045-NGC5300,0.0,0.0,0.0,0.0
VFID6048-NGC4496A,0.0,1.0,0.0,0.0
VFID6050-NGC5566,0.0,0.0,0.0,0.0
VFID6055-UGC07354,0.0,1.0,0.0,1.0
VFID6073-NGC4289,0.0,1.0,0.0,0.0
VFID6077-NGC4234,0.0,0.0,0.0,0.0
VFID6086-NGC3495,0.0,0.0,0.0,0.0
VFID6091-NGC3633,0.0,0.0,0.0,1.0
VFID6095-NGC4457,0.0,0.0,0.0,0.0
VFID6098-NGC5775,0.0,1.0,0.0,0.0
VFID6108-NGC5577,0.0,0.0,0.0,0.0
VFID6115-NGC5692,0.0,0.0,0.0,0.0
VFID6120-NGC4701,0.0,0.0,0.0,0.0
VFID6123-UGC05376,0.0,0.0,0.0,0.0
VFID6132-IC1066,0.0,0.0,0.0,0.0
VFID6137-NGC5576,0.0,0.0,0.0,0.0
VFID6142-NGC3640,0.0,0.0,0.0,0.0
VFID6143-NGC5638,0.0,1.0,0.0,0.0
VFID6150-IC2327,0.0,0.0,0.0,0.0
VFID6154-NGC3156,0.0,0.0,0.0,0.0
VFID6164-NGC4665,0.0,0.0,0.0,0.0
VFID6169-NGC4544,0.0,0.0,0.0,0.0
VFID6174-IC1024,0.0,0.0,0.0,1.0
VFID6194-CGCG052-015,0.0,1.0,0.0,1.0
VFID6196-NGC4799,0.0,0.0,0.0,0.0
VFID6199-NGC4123,0.0,1.0,0.0,1.0
VFID6202-UGC07982,0.0,1.0,0.0,0.0
VFID6221-NGC4116,0.0,0.0,0.0,0.0
VFID6225-NGC4636,0.0,1.0,0.0,1.0
VFID6233-NGC4527,0.0,0.0,0.0,0.0
VFID6263-NGC4900,0.0,0.0,0.0,0.0
VFID6264-NGC4409,0.0,0.0,0.0,0.0
VFID6282-VCC0513,0.0,0.0,0.0,0.0
VFID6289-NGC5690,0.0,0.0,0.0,0.0
VFID6303-NGC4536,0.0,1.0,0.0,1.0
VFID6305-NGC5725,0.0,0.0,0.0,0.0
VFID6310-NGC4772,0.0,0.0,0.0,0.0
VFID6324-NGC5838,0.0,1.0,0.0,1.0
VFID6334-UGC08105,0.0,1.0,0.0,1.0
VFID6352-NGC4643,0.0,1.0,0.0,1.0
VFID6354-NGC4045,0.0,0.0,0.0,1.0
VFID6357-NGC5746,0.0,1.0,0.0,0.0
VFID6359-UGC09746,0.0,0.0,0.0,0.0
VFID6369-NGC5806,0.0,0.0,0.0,0.0
VFID6375-UGC08521,0.0,0.0,0.0,0.0
VFID6379-UGC09661,0.0,0.0,0.0,0.0
VFID6387-NGC3365,0.0,0.0,0.0,0.0
VFID6397-UGC09215,0.0,0.0,0.0,0.0
VFID6406-NGC5813,0.0,1.0,0.0,1.0
VFID6411-NGC5740,0.0,0.0,0.0,0.0
VFID6416-UGC05228,0.0,0.0,0.0,0.0
VFID6420-CGCG021-013,0.0,0.0,0.0,0.0
VFID6428-NGC5811,0.0,0.0,0.0,0.0
VFID6438-NGC5846,0.0,0.0,0.0,1.0
VFID6447-NGC3044,0.0,0.0,0.0,0.0
VFID6448-NGC4845,0.0,1.0,0.0,1.0
VFID6454-NGC5850,0.0,1.0,0.0,1.0
VFID6470-NGC4581,0.0,1.0,0.0,1.0
VFID6492-NGC4179,0.0,0.0,0.0,0.0
VFID6497-NGC4771,0.0,0.0,0.0,0.0
VFID6503-NGC5831,0.0,0.0,0.0,0.0
VFID6567-UGC09977,0.0,1.0,0.0,0.0
VFID6581-NGC3023,0.0,0.0,0.0,0.0
VFID6589-NGC4385,0.0,1.0,0.0,1.0
VFID6619-NGC2967,0.0,0.0,0.0,0.0
VFID6620-UGC09348,0.0,1.0,0.0,0.0
VFID6633-IC0745,0.0,1.0,0.0,1.0
VFID6636-NGC4517,0.0,1.0,0.0,0.0
VFID6650-WISEAJ122958.90+000137.8,0.0,1.0,0.0,1.0
VFID6660-NGC4904,0.0,0.0,0.0,0.0
VFID6662-NGC3521,0.0,0.0,0.0,0.0
VFID6664-NGC4632,0.0,0.0,0.0,0.0
VFID6684-NGC5750,0.0,0.0,0.0,0.0
VFID6690-NGC5713,0.0,0.0,0.0,0.0
VFID6694-NGC5719,0.0,0.0,0.0,0.0
VFID6705-NGC5584,0.0,0.0,0.0,0.0
VFID6706-NGC5691,0.0,0.0,0.0,0.0
VFID6717-NGC4666,0.0,0.0,0.0,0.0
VFID6725-NGC4592,0.0,0.0,0.0,0.0
VFID6729-NGC4653,0.0,0.0,0.0,0.0
VFID6735-CGCG007-025,0.0,1.0,0.0,1.0
VFID6736-NGC4642,0.0,0.0,0.0,0.0
VFID6759-NGC4355,0.0,0.0,0.0,1.0
VFID6762-UGC06402,0.0,0.0,0.0,0.0
VFID6773-NGC5792,0.0,1.0,0.0,1.0
VFID6776-NGC4030,0.0,0.0,0.0,0.0
VFID6780-NGC5496,0.0,0.0,0.0,0.0
VFID6787-UGC07883,0.0,0.0,0.0,0.0
